Subject,1,2,3
1,0.49693833333333326,0.511152558139535,0.481718552631579
2,0.43409312499999997,0.44740451219512195,0.4115238461538462
3,0.4175353846153846,0.41732615384615396,0.3987833333333334
