Subject,1,2,3
5ff649fda2b5841ceef90ff0,0.547811364,0.510641463,0.461693182
60dc4b08dd9ec36f5ca9e3fa,0.449184211,0.466482857,0.532545946
